customer_id,Age,Sex,Job,Housing,Saving accounts,Checking account,Credit amount,Duration
0,67,male,2,own,NA,little,1169,6
1,22,female,2,own,little,moderate,5951,48
2,49,male,1,own,little,NA,2096,12
3,45,male,2,free,little,little,7882,42
4,53,male,2,free,little,little,4870,24
5,35,male,1,free,NA,NA,9055,36
6,53,male,2,own,quite rich,NA,2835,24
7,35,male,3,rent,little,moderate,6948,36
8,61,male,1,own,rich,NA,3059,12
9,28,male,3,own,little,moderate,5234,30
10,25,female,2,rent,little,moderate,1295,12
11,24,female,2,rent,little,little,4308,48
12,22,female,2,own,little,moderate,1567,12
13,60,male,1,own,little,little,1199,24
14,28,female,2,rent,little,little,1403,15
15,32,female,1,own,moderate,little,1282,24
16,53,male,2,own,NA,NA,2424,24
17,25,male,2,own,NA,little,8072,30
18,44,female,3,free,little,moderate,12579,24
19,31,male,2,own,quite rich,NA,3430,24
20,48,male,2,own,little,NA,2134,9
21,44,male,2,rent,quite rich,little,2647,6
22,48,male,1,rent,little,little,2241,10
23,44,male,2,own,moderate,moderate,1804,12
24,26,male,2,own,NA,NA,2069,10
25,36,male,1,own,little,little,1374,6
26,39,male,1,own,little,NA,426,6
27,42,female,2,rent,rich,rich,409,12
28,34,male,2,own,little,moderate,2415,7
29,63,male,2,own,little,little,6836,60
30,36,male,2,own,rich,moderate,1913,18
31,27,male,2,own,little,little,4020,24
32,30,male,2,own,moderate,moderate,5866,18
33,57,male,1,rent,NA,NA,1264,12
34,33,female,3,own,little,rich,1474,12
35,25,male,1,own,little,moderate,4746,45
36,31,male,2,free,little,NA,6110,48
37,37,male,2,own,little,rich,2100,18
38,37,male,2,own,little,rich,1225,10
39,24,male,2,own,little,moderate,458,9
40,30,male,3,own,quite rich,NA,2333,30
41,26,male,2,own,quite rich,moderate,1158,12
42,44,male,1,own,little,moderate,6204,18
43,24,male,2,rent,moderate,little,6187,30
44,58,female,1,free,little,little,6143,48
45,35,female,3,own,little,NA,1393,11
46,39,male,2,own,quite rich,NA,2299,36
47,23,female,0,rent,quite rich,little,1352,6
48,39,male,1,own,little,NA,7228,11
49,28,female,2,own,moderate,NA,2073,12
50,29,male,1,own,NA,moderate,2333,24
51,30,male,3,own,little,moderate,5965,27
52,25,male,2,own,little,NA,1262,12
53,31,male,2,own,NA,NA,3378,18
54,57,male,2,free,little,moderate,2225,36
55,26,male,1,own,NA,NA,783,6
56,52,male,3,own,NA,moderate,6468,12
57,31,female,2,own,little,NA,9566,36
58,23,female,3,own,little,rich,1961,18
59,23,female,1,rent,little,little,6229,36
60,27,male,2,own,little,moderate,1391,9
61,50,male,2,own,NA,moderate,1537,15
62,61,male,3,free,little,moderate,1953,36
63,25,male,2,own,little,moderate,14421,48
64,26,female,2,own,little,NA,3181,24
65,48,male,2,own,NA,NA,5190,27
66,29,female,2,own,little,NA,2171,12
67,22,male,2,own,rich,moderate,1007,12
68,37,male,2,free,little,NA,1819,36
69,25,female,2,own,NA,NA,2394,36
70,30,female,2,own,little,NA,8133,36
71,46,male,1,rent,NA,NA,730,7
72,51,male,3,free,little,little,1164,8
73,41,female,1,own,little,moderate,5954,42
74,40,male,3,own,NA,little,1977,36
75,66,male,3,free,little,little,1526,12
76,34,male,2,own,little,little,3965,42
77,51,male,2,own,little,moderate,4771,11
78,39,male,1,own,NA,NA,9436,54
79,22,male,2,own,little,moderate,3832,30
80,44,female,2,own,NA,NA,5943,24
81,47,male,2,own,quite rich,NA,1213,15
82,24,female,1,rent,moderate,NA,1568,18
83,58,female,1,own,little,little,1755,24
84,52,male,1,own,little,little,2315,10
85,29,female,3,own,little,NA,1412,12
86,27,female,2,own,little,moderate,1295,18
87,47,male,2,free,moderate,moderate,12612,36
88,30,male,3,own,moderate,little,2249,18
89,28,male,2,own,little,little,1108,12
90,56,male,2,own,little,NA,618,12
91,54,male,2,own,little,little,1409,12
92,33,female,1,own,NA,NA,797,12
93,20,male,2,rent,NA,rich,3617,24
94,54,male,2,own,rich,moderate,1318,12
95,58,male,2,rent,little,moderate,15945,54
96,61,female,2,own,NA,NA,2012,12
97,34,male,2,own,moderate,moderate,2622,18
98,36,male,2,own,little,moderate,2337,36
99,36,male,3,rent,NA,moderate,7057,20
100,41,male,1,rent,moderate,NA,1469,24
101,24,male,2,rent,little,moderate,2323,36
102,24,female,2,own,little,NA,932,6
103,35,male,2,rent,little,moderate,1919,9
104,26,male,2,rent,NA,NA,2445,12
105,39,male,3,own,little,moderate,11938,24
106,39,male,3,own,little,NA,6458,18
107,32,male,2,own,little,moderate,6078,12
108,30,female,2,own,NA,little,7721,24
109,35,male,2,own,quite rich,moderate,1410,14
110,31,male,2,own,moderate,moderate,1449,6
111,23,female,2,rent,little,rich,392,15
112,28,male,1,rent,little,moderate,6260,18
113,25,female,2,own,little,NA,7855,36
114,35,male,2,own,quite rich,little,1680,12
115,47,male,2,own,NA,NA,3578,48
116,30,female,3,own,NA,little,7174,42
117,27,female,2,rent,NA,little,2132,10
118,23,female,2,own,quite rich,little,4281,33
119,36,male,3,own,quite rich,moderate,2366,12
120,25,female,2,own,little,little,1835,21
121,41,female,3,rent,little,NA,3868,24
122,24,male,1,rent,little,NA,1768,12
123,63,male,2,free,little,rich,781,10
124,27,female,2,rent,NA,moderate,1924,18
125,30,male,2,own,little,little,2121,12
126,40,male,1,own,little,little,701,12
127,30,male,2,own,little,moderate,639,12
128,34,male,3,own,little,moderate,1860,12
129,29,female,2,own,little,little,3499,12
130,24,female,2,own,NA,moderate,8487,48
131,29,male,2,own,little,little,6887,36
132,27,male,1,own,little,NA,2708,15
133,47,male,2,free,little,NA,1984,18
134,21,female,2,own,moderate,NA,10144,60
135,38,female,2,own,NA,NA,1240,12
136,27,male,2,own,rich,NA,8613,27
137,66,male,1,own,quite rich,moderate,766,12
138,35,male,2,own,NA,moderate,2728,15
139,44,female,1,rent,little,rich,1881,12
140,27,male,0,own,rich,rich,709,6
141,30,female,3,own,little,moderate,4795,36
142,27,male,3,own,little,little,3416,27
143,22,male,2,own,little,little,2462,18
144,23,female,2,own,little,NA,2288,21
145,30,male,2,own,moderate,moderate,3566,48
146,39,female,2,own,little,little,860,6
147,51,female,2,own,moderate,NA,682,12
148,28,male,2,own,little,little,5371,36
149,46,male,2,own,rich,NA,1582,18
150,42,male,2,free,moderate,NA,1346,6
151,38,male,2,own,little,NA,1924,10
152,24,male,2,own,little,rich,5848,36
153,29,female,2,rent,rich,moderate,7758,24
154,36,male,3,rent,moderate,moderate,6967,24
155,20,female,2,rent,little,little,1282,12
156,48,male,2,own,moderate,little,1288,9
157,45,male,1,own,little,little,339,12
158,38,male,2,own,moderate,moderate,3512,24
159,34,male,1,own,NA,NA,1898,6
160,36,male,2,own,moderate,NA,2872,24
161,30,female,2,own,little,NA,1055,18
162,36,male,2,own,quite rich,NA,1262,15
163,70,male,3,free,little,moderate,7308,10
164,36,male,2,own,quite rich,NA,909,36
165,32,male,2,own,quite rich,NA,2978,6
166,33,female,2,own,little,little,1131,18
167,20,female,2,own,rich,moderate,1577,11
168,25,female,2,rent,little,NA,3972,24
169,31,male,2,own,little,moderate,1935,24
170,33,male,2,rent,little,little,950,15
171,26,female,2,own,little,NA,763,12
172,34,female,3,own,little,moderate,2064,24
173,33,male,2,own,little,moderate,1414,8
174,26,male,2,own,little,little,3414,21
175,53,female,3,own,NA,NA,7485,30
176,42,male,2,own,little,little,2577,12
177,52,male,2,own,quite rich,little,338,6
178,31,male,3,rent,little,NA,1963,12
179,65,male,2,own,little,little,571,21
180,28,male,2,own,little,NA,9572,36
181,30,male,3,own,little,moderate,4455,36
182,40,male,1,own,NA,little,1647,21
183,50,male,2,own,rich,NA,3777,24
184,36,male,2,own,little,moderate,884,18
185,31,male,2,own,little,NA,1360,15
186,74,female,3,free,little,moderate,5129,9
187,68,male,0,free,little,moderate,1175,16
188,20,male,2,own,moderate,little,674,12
189,33,female,2,own,little,moderate,3244,18
190,54,male,3,own,rich,NA,4591,24
191,34,male,1,free,moderate,moderate,3844,48
192,36,male,2,own,little,moderate,3915,27
193,29,male,2,rent,little,NA,2108,6
194,21,male,2,rent,moderate,moderate,3031,45
195,34,female,3,own,little,moderate,1501,9
196,28,female,2,own,little,NA,1382,6
197,27,female,2,rent,moderate,moderate,951,12
198,36,male,2,free,NA,moderate,2760,24
199,40,male,3,own,little,moderate,4297,18
200,52,male,2,own,quite rich,NA,936,9
201,27,male,1,own,little,little,1168,12
202,26,male,2,own,little,NA,5117,27
203,21,male,2,rent,little,little,902,12
204,38,male,1,own,little,NA,1495,12
205,38,male,3,free,little,little,10623,30
206,43,male,2,own,little,NA,1935,12
207,26,male,2,own,little,moderate,1424,12
208,21,male,1,own,little,little,6568,24
209,55,male,2,own,rich,NA,1413,12
210,33,male,2,own,NA,NA,3074,9
211,45,female,1,own,NA,NA,3835,36
212,50,male,2,own,little,little,5293,27
213,66,male,3,own,little,rich,1908,30
214,51,male,2,own,NA,NA,3342,36
215,39,female,1,own,NA,moderate,932,6
216,31,male,2,own,little,little,3104,18
217,23,male,2,own,little,rich,3913,36
218,24,male,1,rent,little,little,3021,24
219,64,female,2,own,little,NA,1364,10
220,26,male,1,own,little,moderate,625,12
221,23,female,2,rent,NA,little,1200,12
222,30,male,2,own,little,NA,707,12
223,32,male,2,own,NA,NA,2978,24
224,30,male,2,own,little,NA,4657,15
225,27,male,2,own,little,NA,2613,36
226,27,male,2,own,rich,moderate,10961,48
227,53,male,3,free,little,little,7865,12
228,22,male,2,own,little,NA,1478,9
229,22,male,2,free,little,little,3149,24
230,26,male,2,own,little,rich,4210,36
231,51,male,1,free,quite rich,NA,2507,9
232,35,male,2,own,moderate,NA,2141,12
233,25,male,1,own,little,moderate,866,18
234,42,male,1,own,little,NA,1544,4
235,30,male,3,own,little,little,1823,24
236,23,male,0,own,NA,moderate,14555,6
237,61,male,1,rent,moderate,moderate,2767,21
238,35,female,2,own,little,NA,1291,12
239,39,male,2,own,little,little,2522,30
240,29,female,2,own,NA,little,915,24
241,51,male,2,own,little,NA,1595,6
242,24,male,2,free,little,little,4605,48
243,27,female,2,own,little,NA,1185,12
244,35,female,1,own,quite rich,NA,3447,12
245,25,male,2,own,little,NA,1258,24
246,52,male,2,own,little,NA,717,12
247,35,male,2,rent,moderate,NA,1204,6
248,26,male,2,own,little,rich,1925,24
249,22,female,2,rent,little,NA,433,18
250,39,female,1,own,rich,little,666,6
251,46,female,1,own,little,rich,2251,12
252,24,female,2,own,little,moderate,2150,30
253,35,male,2,own,moderate,NA,4151,24
254,24,male,2,own,NA,moderate,2030,9
255,27,male,1,own,NA,moderate,7418,60
256,35,male,1,own,little,NA,2684,24
257,29,male,2,free,little,little,2149,12
258,23,female,2,own,moderate,NA,3812,15
259,57,female,1,own,moderate,NA,1154,11
260,27,male,2,own,little,little,1657,12
261,55,female,2,own,little,little,1603,24
262,36,male,3,free,little,little,5302,18
263,57,female,1,free,little,NA,2748,12
264,32,male,1,own,little,NA,1231,10
265,37,male,2,own,little,moderate,802,15
266,36,male,2,own,NA,NA,6304,36
267,38,female,2,own,little,NA,1533,24
268,45,male,3,own,little,little,8978,14
269,25,male,2,own,NA,NA,999,24
270,32,male,2,own,NA,NA,2662,18
271,37,female,2,rent,quite rich,NA,1402,12
272,36,male,3,free,NA,moderate,12169,48
273,28,male,2,own,little,moderate,3060,48
274,34,male,1,own,little,little,11998,30
275,32,male,2,own,little,NA,2697,9
276,26,female,2,own,little,NA,2404,18
277,49,male,1,own,NA,little,1262,12
278,32,female,2,own,little,NA,4611,6
279,29,male,3,rent,moderate,NA,1901,24
280,23,male,2,rent,rich,NA,3368,15
281,50,male,2,own,little,NA,1574,12
282,49,male,1,own,NA,rich,1445,18
283,63,male,2,own,NA,NA,1520,15
284,37,male,2,own,moderate,moderate,3878,24
285,35,female,1,own,little,little,10722,47
286,26,male,2,own,little,little,4788,48
287,31,male,3,free,moderate,moderate,7582,48
288,49,female,2,own,little,moderate,1092,12
289,48,male,2,own,little,little,1024,24
290,26,male,2,own,little,NA,1076,12
291,28,male,3,rent,little,moderate,9398,36
292,44,female,3,free,little,little,6419,24
293,56,male,2,free,little,rich,4796,42
294,46,male,3,own,NA,NA,7629,48
295,26,female,2,own,little,moderate,9960,48
296,20,female,2,rent,NA,NA,4675,12
297,45,male,1,own,NA,NA,1287,10
298,43,male,2,own,little,NA,2515,18
299,32,male,2,own,rich,moderate,2745,21
300,54,female,0,own,little,NA,672,6
301,42,female,2,own,little,moderate,3804,36
302,37,male,1,own,NA,rich,1344,24
303,49,male,2,own,little,little,1038,10
304,44,male,2,free,quite rich,NA,10127,48
305,33,male,2,own,rich,NA,1543,6
306,24,female,1,rent,NA,NA,4811,30
307,33,male,1,own,moderate,little,727,12
308,24,female,2,own,little,moderate,1237,8
309,22,male,1,rent,little,moderate,276,9
310,40,male,0,free,NA,moderate,5381,48
311,25,male,2,own,moderate,NA,5511,24
312,26,female,2,own,little,rich,3749,24
313,25,male,1,own,little,moderate,685,12
314,29,male,1,own,NA,rich,1494,4
315,31,male,2,own,little,little,2746,36
316,38,male,1,own,little,little,708,12
317,48,female,1,own,NA,moderate,4351,24
318,32,male,2,own,little,NA,701,12
319,27,female,1,own,little,little,3643,15
320,28,male,3,own,little,moderate,4249,30
321,32,male,2,own,little,little,1938,24
322,34,male,3,free,little,little,2910,24
323,28,male,2,own,rich,little,2659,18
324,36,female,2,own,little,NA,1028,18
325,39,male,1,own,little,little,3398,8
326,49,male,2,rent,NA,NA,5801,12
327,34,female,2,own,rich,NA,1525,24
328,31,male,2,own,little,rich,4473,36
329,28,male,2,own,little,moderate,1068,6
330,75,male,3,free,little,little,6615,24
331,30,female,2,own,moderate,NA,1864,18
332,24,female,3,own,moderate,moderate,7408,60
333,24,female,1,rent,moderate,NA,11590,48
334,23,male,2,rent,little,little,4110,24
335,44,male,3,rent,little,little,3384,6
336,23,female,1,own,little,moderate,2101,13
337,24,female,2,rent,NA,little,1275,15
338,28,male,2,own,little,little,4169,24
339,31,male,1,own,little,moderate,1521,10
340,24,female,2,free,little,moderate,5743,24
341,26,female,1,rent,little,little,3599,21
342,25,male,2,rent,quite rich,moderate,3213,18
343,33,male,3,own,little,moderate,4439,18
344,37,male,1,own,little,rich,3949,10
345,43,female,1,own,little,NA,1459,15
346,23,male,2,own,little,moderate,882,13
347,23,female,0,rent,quite rich,moderate,3758,24
348,34,male,1,own,moderate,NA,1743,6
349,32,male,2,free,rich,moderate,1136,9
350,23,female,2,rent,little,NA,1236,9
351,29,female,2,own,little,moderate,959,9
352,38,male,3,own,NA,NA,3229,18
353,28,male,2,rent,little,little,6199,12
354,46,male,2,free,quite rich,NA,727,10
355,23,male,1,own,little,moderate,1246,24
356,49,male,2,own,NA,NA,2331,12
357,26,male,3,own,little,NA,4463,36
358,28,male,2,own,little,NA,776,12
359,23,female,2,rent,little,little,2406,30
360,61,male,2,free,NA,moderate,1239,18
361,37,male,3,own,NA,rich,3399,12
362,36,female,2,own,little,rich,2247,12
363,21,male,2,rent,little,NA,1766,6
364,25,male,0,own,little,little,2473,18
365,36,male,2,own,little,NA,1542,12
366,27,male,2,own,little,NA,3850,18
367,22,female,2,rent,little,little,3650,18
368,42,male,2,own,little,little,3446,36
369,40,female,2,rent,little,moderate,3001,18
370,36,male,2,own,NA,NA,3079,36
371,33,male,2,own,little,NA,6070,18
372,23,female,2,rent,little,NA,2146,10
373,63,male,3,free,NA,NA,13756,60
374,60,female,3,free,moderate,moderate,14782,60
375,37,female,2,rent,little,little,7685,48
376,34,male,2,own,little,NA,2320,18
377,36,male,2,free,NA,NA,846,7
378,57,male,3,free,little,moderate,14318,36
379,52,female,1,own,moderate,NA,362,6
380,39,male,2,own,NA,little,2212,20
381,38,female,3,free,little,moderate,12976,18
382,25,female,2,rent,NA,NA,1283,22
383,26,male,2,own,little,rich,1330,12
384,26,male,1,own,moderate,NA,4272,30
385,25,female,2,own,little,NA,2238,18
386,21,female,2,rent,NA,NA,1126,18
387,40,male,3,own,little,moderate,7374,18
388,27,male,2,own,quite rich,moderate,2326,15
389,27,female,2,own,little,NA,1449,9
390,30,male,3,own,little,NA,1820,18
391,19,female,1,rent,rich,moderate,983,12
392,39,male,3,free,little,little,3249,36
393,31,female,2,own,little,little,1957,6
394,31,male,3,own,little,NA,2406,9
395,32,male,2,rent,moderate,moderate,11760,39
396,55,female,3,free,little,little,2578,12
397,46,male,2,own,little,little,2348,36
398,46,male,2,rent,little,moderate,1223,12
399,43,female,1,own,rich,NA,1516,24
400,39,male,2,own,little,NA,1473,18
401,28,male,2,own,NA,moderate,1887,18
402,27,male,2,own,little,NA,8648,24
403,27,male,1,own,little,NA,802,14
404,43,male,2,own,NA,moderate,2899,18
405,22,male,2,own,little,moderate,2039,24
406,43,male,2,own,NA,NA,2197,24
407,27,male,2,own,little,little,1053,15
408,26,male,3,own,quite rich,NA,3235,24
409,28,male,2,own,quite rich,rich,939,12
410,20,female,2,own,little,moderate,1967,24
411,35,male,3,own,little,NA,7253,33
412,42,male,3,own,little,NA,2292,12
413,40,male,1,rent,quite rich,NA,1597,10
414,35,female,2,own,NA,little,1381,24
415,35,male,2,own,little,NA,5842,36
416,33,male,1,own,little,little,2579,12
417,23,female,2,rent,NA,little,8471,18
418,31,female,3,own,quite rich,NA,2782,21
419,33,female,2,own,NA,moderate,1042,18
420,20,female,2,rent,rich,NA,3186,15
421,30,male,2,own,NA,moderate,2028,12
422,47,male,1,own,little,moderate,958,12
423,34,male,3,own,moderate,NA,1591,21
424,25,female,2,own,NA,moderate,2762,12
425,21,male,2,rent,little,moderate,2779,18
426,29,male,2,own,little,NA,2743,28
427,46,male,2,own,rich,NA,1149,18
428,20,male,2,own,little,NA,1313,9
429,55,female,0,free,little,little,1190,18
430,74,male,1,own,little,NA,3448,5
431,29,male,3,own,little,moderate,11328,24
432,36,male,3,free,little,little,1872,6
433,33,male,2,own,little,NA,2058,24
434,25,male,2,own,little,little,2136,9
435,25,male,2,own,NA,moderate,1484,12
436,23,male,1,rent,quite rich,NA,660,6
437,37,female,2,own,rich,NA,1287,24
438,65,male,0,own,little,little,3394,42
439,26,female,0,own,little,rich,609,12
440,39,male,3,own,little,NA,1884,12
441,30,female,2,own,little,little,1620,12
442,29,male,2,own,little,moderate,2629,20
443,41,male,1,own,little,NA,719,12
444,30,female,3,own,little,moderate,5096,48
445,41,female,1,rent,NA,NA,1244,9
446,34,female,2,own,little,little,1842,36
447,35,male,2,own,little,moderate,2576,7
448,55,female,3,own,NA,rich,1424,12
449,61,male,2,own,rich,moderate,1512,15
450,30,male,3,own,NA,NA,11054,36
451,29,female,2,own,little,NA,518,6
452,34,male,2,own,little,NA,2759,12
453,35,male,3,own,little,NA,2670,24
454,31,male,2,own,little,little,4817,24
455,29,female,3,own,little,NA,2679,24
456,36,male,2,rent,little,little,3905,11
457,35,male,2,free,little,little,3386,12
458,27,female,2,own,little,little,343,6
459,32,male,2,own,little,NA,4594,18
460,37,male,2,own,little,little,3620,36
461,36,male,2,own,little,little,1721,15
462,34,female,3,rent,little,moderate,3017,12
463,38,male,2,own,NA,moderate,754,12
464,34,male,2,own,little,NA,1950,18
465,63,male,2,own,little,little,2924,24
466,29,female,1,rent,little,little,1659,24
467,32,male,2,own,NA,NA,7238,48
468,26,female,2,own,little,NA,2764,33
469,35,male,1,own,little,NA,4679,24
470,22,male,2,rent,moderate,moderate,3092,24
471,23,female,2,own,little,little,448,6
472,28,male,1,own,little,little,654,9
473,36,male,3,own,NA,NA,1238,6
474,33,male,2,own,little,moderate,1245,18
475,26,female,2,rent,little,little,3114,18
476,24,male,2,own,quite rich,NA,2569,39
477,25,male,2,own,little,rich,5152,24
478,39,male,1,own,moderate,moderate,1037,12
479,44,male,2,own,little,little,1478,15
480,23,female,1,own,little,moderate,3573,12
481,26,male,2,own,little,moderate,1201,24
482,57,female,2,rent,rich,little,3622,30
483,30,female,2,own,rich,NA,960,15
484,44,male,2,own,quite rich,NA,1163,12
485,47,male,3,own,little,moderate,1209,6
486,52,male,2,own,little,NA,3077,12
487,62,female,2,free,little,NA,3757,24
488,35,male,1,rent,moderate,NA,1418,10
489,26,male,2,rent,little,NA,3518,6
490,26,male,2,own,little,NA,1934,12
491,42,female,3,free,little,moderate,8318,27
492,27,female,2,own,moderate,NA,1237,6
493,38,male,2,own,NA,moderate,368,6
494,39,male,1,rent,little,little,2122,12
495,20,male,2,own,NA,little,2996,24
496,29,male,3,rent,moderate,moderate,9034,36
497,40,male,2,own,little,NA,1585,24
498,32,male,1,own,little,moderate,1301,18
499,28,male,2,own,moderate,rich,1323,6
500,27,female,2,own,little,little,3123,24
501,42,male,2,free,little,little,5493,36
502,49,male,2,own,moderate,rich,1126,9
503,38,male,2,own,moderate,moderate,1216,24
504,24,female,2,rent,little,little,1207,24
505,27,male,1,own,NA,NA,1309,10
506,36,male,2,own,quite rich,rich,2360,15
507,34,male,3,own,moderate,moderate,6850,15
508,28,male,2,own,little,NA,1413,24
509,45,male,3,own,moderate,NA,8588,39
510,26,male,2,own,little,little,759,12
511,32,male,3,free,little,NA,4686,36
512,26,male,2,rent,little,rich,2687,15
513,20,male,2,rent,little,moderate,585,12
514,54,male,2,own,NA,NA,2255,24
515,37,female,2,own,little,little,609,6
516,40,male,1,own,little,little,1361,6
517,23,female,2,rent,little,NA,7127,36
518,43,male,2,own,moderate,little,1203,6
519,36,male,2,free,NA,NA,700,6
520,44,male,2,free,little,NA,5507,24
521,24,female,2,own,little,little,3190,18
522,53,male,2,free,little,little,7119,48
523,23,female,2,own,moderate,NA,3488,24
524,26,female,1,own,little,moderate,1113,18
525,30,male,2,own,little,moderate,7966,26
526,31,female,2,own,moderate,NA,1532,15
527,42,male,1,own,little,NA,1503,4
528,31,male,2,rent,little,little,2302,36
529,41,male,1,own,little,little,662,6
530,32,male,2,own,little,moderate,2273,36
531,28,female,2,rent,moderate,moderate,2631,15
532,41,male,2,rent,little,NA,1503,12
533,26,male,2,own,moderate,NA,1311,24
534,25,male,2,own,NA,NA,3105,24
535,33,male,2,rent,little,rich,2319,21
536,75,female,3,own,NA,little,1374,6
537,37,female,2,own,little,moderate,3612,18
538,42,male,3,free,little,little,7763,48
539,45,female,1,own,little,rich,3049,18
540,23,male,2,rent,little,moderate,1534,12
541,60,male,2,free,little,NA,2032,24
542,31,male,2,own,NA,little,6350,30
543,34,male,1,own,little,rich,2864,18
544,61,male,1,own,little,NA,1255,12
545,43,male,2,free,little,little,1333,24
546,37,female,2,own,little,NA,2022,24
547,32,male,2,own,little,NA,1552,24
548,24,female,1,own,little,little,626,12
549,35,male,2,free,NA,NA,8858,48
550,23,female,2,own,NA,NA,996,12
551,45,male,1,own,quite rich,NA,1750,6
552,34,male,2,own,little,little,6999,48
553,27,male,2,own,moderate,moderate,1995,12
554,67,female,3,own,little,moderate,1199,9
555,22,male,2,own,little,moderate,1331,12
556,28,female,2,own,moderate,moderate,2278,18
557,29,female,2,own,NA,NA,5003,21
558,27,male,2,own,little,little,3552,24
559,31,male,1,own,little,moderate,1928,18
560,49,male,2,free,NA,little,2964,24
561,24,male,1,rent,little,little,1546,24
562,29,female,2,own,little,rich,683,6
563,37,male,2,free,NA,moderate,12389,36
564,37,male,3,own,NA,moderate,4712,24
565,23,female,2,rent,moderate,moderate,1553,24
566,36,male,2,own,little,little,1372,12
567,34,male,2,own,rich,NA,2578,24
568,41,male,2,own,NA,moderate,3979,48
569,31,female,2,own,little,little,6758,48
570,23,female,1,rent,little,little,3234,24
571,38,male,2,own,little,NA,5954,30
572,26,female,3,rent,NA,NA,5433,24
573,22,female,1,own,little,little,806,15
574,27,male,1,own,little,moderate,1082,9
575,24,female,2,own,little,NA,2788,15
576,27,female,2,own,little,moderate,2930,12
577,33,female,2,own,NA,NA,1927,24
578,27,male,2,own,little,moderate,2820,36
579,27,male,1,own,little,NA,937,24
580,30,male,2,own,little,moderate,1056,18
581,49,male,1,own,little,moderate,3124,12
582,26,female,2,rent,little,NA,1388,9
583,33,male,1,rent,little,moderate,2384,36
584,52,female,3,free,NA,NA,2133,12
585,20,female,2,rent,little,little,2039,18
586,36,male,2,rent,little,little,2799,9
587,21,male,1,own,little,little,1289,12
588,47,male,1,own,little,little,1217,18
589,60,male,2,own,little,little,2246,12
590,58,female,1,own,little,little,385,12
591,42,female,2,rent,NA,moderate,1965,24
592,36,female,1,own,rich,NA,1572,21
593,20,female,1,rent,little,moderate,2718,24
594,40,male,3,own,NA,little,1358,24
595,32,female,1,own,moderate,moderate,931,6
596,23,female,2,rent,little,little,1442,24
597,36,male,1,own,little,moderate,4241,24
598,31,male,2,own,little,NA,2775,18
599,32,male,2,free,little,NA,3863,24
600,45,female,2,own,little,moderate,2329,7
601,30,female,2,own,little,moderate,918,9
602,34,female,1,free,little,moderate,1837,24
603,28,female,3,own,little,NA,3349,36
604,23,female,2,own,little,rich,1275,10
605,22,male,2,own,quite rich,little,2828,24
606,74,male,3,own,little,NA,4526,24
607,50,female,2,free,moderate,moderate,2671,36
608,33,male,2,own,little,NA,2051,18
609,45,male,2,free,NA,NA,1300,15
610,22,female,2,own,moderate,little,741,12
611,48,female,1,free,moderate,rich,1240,10
612,29,female,2,own,rich,little,3357,21
613,22,female,2,rent,little,little,3632,24
614,22,female,2,own,little,NA,1808,18
615,48,male,3,own,NA,moderate,12204,48
616,27,male,3,free,NA,moderate,9157,60
617,37,male,2,rent,little,little,3676,6
618,21,female,2,rent,moderate,moderate,3441,30
619,49,male,1,own,little,NA,640,12
620,27,male,2,own,little,moderate,3652,21
621,32,male,2,own,little,NA,1530,18
622,38,male,2,own,NA,NA,3914,48
623,22,female,2,rent,little,little,1858,12
624,65,male,2,free,little,little,2600,18
625,35,male,2,own,NA,NA,1979,15
626,41,male,2,own,little,rich,2116,6
627,29,male,2,own,moderate,moderate,1437,9
628,36,male,2,own,quite rich,NA,4042,42
629,64,male,1,own,NA,NA,3832,9
630,28,female,2,own,little,little,3660,24
631,44,male,2,own,little,little,1553,18
632,23,male,2,own,NA,moderate,1444,15
633,19,female,2,rent,little,NA,1980,9
634,25,female,1,own,little,moderate,1355,24
635,47,male,2,own,little,NA,1393,12
636,28,female,2,own,quite rich,NA,1376,24
637,21,male,2,own,little,NA,15653,60
638,34,female,2,own,little,NA,1493,12
639,26,male,2,own,little,little,4370,42
640,27,female,0,own,little,little,750,18
641,38,male,1,own,little,moderate,1308,15
642,40,male,3,own,moderate,NA,4623,15
643,33,male,2,own,little,NA,1851,24
644,32,male,3,own,little,little,1880,18
645,27,male,2,rent,NA,NA,7980,36
646,32,male,2,own,little,little,4583,30
647,26,female,2,own,quite rich,NA,1386,12
648,38,male,2,free,little,rich,947,24
649,40,male,1,rent,little,little,684,12
650,50,male,3,free,little,little,7476,48
651,37,male,1,own,little,moderate,1922,12
652,45,male,2,own,little,little,2303,24
653,42,male,3,own,moderate,moderate,8086,36
654,35,male,2,own,little,NA,2346,24
655,22,male,2,free,little,little,3973,14
656,41,male,1,own,little,moderate,888,12
657,37,male,2,own,NA,NA,10222,48
658,28,female,2,own,little,moderate,4221,30
659,41,male,2,own,little,moderate,6361,18
660,23,male,2,rent,little,rich,1297,12
661,23,male,2,own,NA,little,900,12
662,50,male,2,own,little,NA,2241,21
663,35,male,3,own,little,moderate,1050,6
664,50,female,1,own,little,rich,1047,6
665,27,male,3,own,little,NA,6314,24
666,34,male,2,own,rich,moderate,3496,30
667,27,female,2,own,little,NA,3609,48
668,43,male,2,rent,little,little,4843,12
669,47,male,2,own,little,rich,3017,30
670,27,male,1,own,moderate,NA,4139,24
671,31,male,2,own,moderate,NA,5742,36
672,42,male,3,own,little,NA,10366,60
673,24,male,2,own,quite rich,NA,2080,6
674,41,male,1,own,quite rich,NA,2580,21
675,26,female,3,rent,little,NA,4530,30
676,33,male,2,own,little,NA,5150,24
677,24,male,2,own,moderate,moderate,5595,72
678,64,male,1,rent,little,little,2384,24
679,26,female,2,own,little,NA,1453,18
680,56,female,2,own,little,NA,1538,6
681,37,male,2,free,NA,NA,2279,12
682,33,male,2,own,little,NA,1478,15
683,47,male,2,free,little,NA,5103,24
684,31,male,1,own,moderate,moderate,9857,36
685,34,male,2,free,NA,NA,6527,60
686,27,male,2,own,NA,rich,1347,10
687,30,male,2,free,moderate,moderate,2862,36
688,35,male,2,own,moderate,NA,2753,9
689,31,male,2,own,rich,little,3651,12
690,25,male,2,own,little,little,975,15
691,25,female,1,own,moderate,moderate,2631,15
692,29,male,2,own,moderate,moderate,2896,24
693,44,male,1,own,NA,little,4716,6
694,28,male,2,own,little,NA,2284,24
695,50,male,2,rent,quite rich,NA,1236,6
696,29,male,2,own,little,moderate,1103,12
697,38,female,0,own,little,NA,926,12
698,24,male,2,own,little,NA,1800,18
699,40,male,3,rent,little,rich,1905,15
700,29,female,1,rent,quite rich,NA,1123,12
701,46,male,2,free,little,little,6331,48
702,47,female,2,free,moderate,rich,1377,24
703,41,male,2,own,moderate,moderate,2503,30
704,32,female,2,own,little,moderate,2528,27
705,35,female,2,free,quite rich,NA,5324,15
706,24,male,2,own,moderate,moderate,6560,48
707,25,female,2,rent,little,moderate,2969,12
708,25,female,2,own,little,moderate,1206,9
709,37,male,1,own,little,moderate,2118,9
710,32,male,3,own,quite rich,NA,629,18
711,35,female,2,free,little,little,1198,6
712,46,male,3,own,NA,NA,2476,21
713,25,male,1,own,little,little,1138,9
714,27,male,3,own,little,moderate,14027,60
715,63,male,2,own,NA,NA,7596,30
716,40,male,2,own,NA,NA,3077,30
717,32,male,3,free,little,NA,1505,18
718,31,male,2,own,NA,rich,3148,24
719,31,male,2,own,moderate,moderate,6148,20
720,34,male,3,own,little,rich,1337,9
721,24,female,2,rent,rich,moderate,433,6
722,24,female,1,own,little,little,1228,12
723,66,female,1,own,quite rich,moderate,790,9
724,21,female,2,rent,little,NA,2570,27
725,41,female,1,own,rich,NA,250,6
726,47,male,1,own,quite rich,NA,1316,15
727,25,female,2,rent,little,little,1882,18
728,59,female,2,rent,little,moderate,6416,48
729,36,male,2,own,rich,rich,1275,24
730,33,male,2,own,little,moderate,6403,24
731,21,male,1,rent,little,little,1987,24
732,44,female,1,own,little,moderate,760,8
733,28,female,2,rent,rich,NA,2603,24
734,37,female,2,own,little,NA,3380,4
735,29,female,0,own,NA,moderate,3990,36
736,23,female,3,rent,little,moderate,11560,24
737,35,male,1,own,moderate,little,4380,18
738,45,male,3,own,little,NA,6761,6
739,26,female,1,rent,moderate,moderate,4280,30
740,32,male,2,own,moderate,little,2325,24
741,23,male,1,own,little,moderate,1048,10
742,41,male,2,own,NA,NA,3160,21
743,22,male,2,own,quite rich,little,2483,24
744,30,male,3,own,NA,little,14179,39
745,28,male,1,own,little,little,1797,13
746,23,female,2,rent,little,little,2511,15
747,37,female,1,own,little,little,1274,12
748,26,male,2,own,NA,NA,5248,21
749,33,male,2,own,little,NA,3029,15
750,49,female,2,own,little,little,428,6
751,23,female,1,own,little,little,976,18
752,23,female,1,rent,moderate,moderate,841,12
753,25,female,2,own,little,NA,5771,30
754,55,male,2,free,rich,NA,1555,12
755,32,female,2,rent,NA,little,1285,24
756,74,male,0,own,little,rich,1299,6
757,39,male,2,free,NA,rich,1271,15
758,31,male,2,own,little,NA,1393,24
759,35,male,2,own,little,little,691,12
760,59,female,2,own,NA,NA,5045,15
761,24,female,2,rent,little,little,2124,18
762,24,male,1,own,little,little,2214,12
763,30,male,3,free,NA,NA,12680,21
764,27,male,2,own,moderate,NA,2463,24
765,40,male,1,own,little,moderate,1155,12
766,31,male,1,own,little,little,3108,30
767,31,female,2,rent,NA,NA,2901,10
768,28,male,2,rent,little,moderate,3617,12
769,63,male,1,own,little,NA,1655,12
770,26,female,2,rent,NA,little,2812,24
771,25,female,3,own,little,little,8065,36
772,36,male,3,own,little,NA,3275,21
773,52,male,2,own,moderate,NA,2223,24
774,66,male,0,free,quite rich,rich,1480,12
775,25,female,2,rent,NA,little,1371,24
776,37,male,2,own,little,NA,3535,36
777,25,female,2,own,little,little,3509,18
778,38,male,3,own,rich,NA,5711,36
779,67,female,2,own,little,moderate,3872,18
780,25,male,2,own,little,moderate,4933,39
781,60,male,2,own,rich,NA,1940,24
782,31,male,1,own,little,moderate,1410,12
783,23,female,1,own,moderate,moderate,836,12
784,60,male,3,own,NA,moderate,6468,20
785,35,male,1,own,rich,moderate,1941,18
786,40,male,2,own,quite rich,NA,2675,22
787,38,male,2,own,NA,NA,2751,48
788,50,male,2,free,little,moderate,6224,48
789,27,male,2,own,little,little,5998,40
790,39,female,2,own,little,moderate,1188,21
791,41,male,3,own,NA,NA,6313,24
792,27,male,2,own,NA,NA,1221,6
793,51,male,2,free,little,rich,2892,24
794,32,male,2,rent,quite rich,NA,3062,24
795,22,female,2,rent,moderate,NA,2301,9
796,51,male,2,free,NA,little,7511,18
797,22,female,1,rent,little,NA,1258,12
798,54,male,2,own,NA,NA,717,24
799,35,male,0,own,NA,moderate,1549,9
800,54,male,2,free,little,NA,1597,24
801,48,female,1,rent,little,moderate,1795,18
802,24,female,2,own,little,little,4272,20
803,35,male,2,own,NA,NA,976,12
804,24,female,0,rent,NA,moderate,7472,12
805,24,male,2,own,little,little,9271,36
806,26,male,1,own,little,moderate,590,6
807,65,male,2,own,NA,NA,930,12
808,55,male,3,free,little,moderate,9283,42
809,26,female,0,rent,little,moderate,1778,15
810,26,male,2,own,little,moderate,907,8
811,28,male,1,own,little,moderate,484,6
812,24,male,2,own,little,little,9629,36
813,54,male,2,own,little,little,3051,48
814,46,male,2,free,little,little,3931,48
815,54,female,2,rent,little,moderate,7432,36
816,62,male,2,own,quite rich,NA,1338,6
817,24,female,2,rent,little,NA,1554,6
818,43,male,3,own,little,little,15857,36
819,26,male,2,own,little,little,1345,18
820,27,male,2,own,little,NA,1101,12
821,24,male,2,own,little,rich,3016,12
822,41,male,2,own,little,little,2712,36
823,47,male,1,own,little,little,731,8
824,35,male,3,own,little,NA,3780,18
825,30,male,2,own,little,little,1602,21
826,33,female,2,rent,little,little,3966,18
827,36,male,2,own,little,NA,4165,18
828,47,male,2,free,NA,little,8335,36
829,38,male,2,free,NA,moderate,6681,48
830,44,male,2,own,quite rich,NA,2375,24
831,23,female,2,rent,little,little,1216,18
832,29,male,2,rent,little,little,11816,45
833,42,female,2,own,NA,moderate,5084,24
834,25,female,1,own,little,rich,2327,15
835,48,male,2,own,little,little,1082,12
836,21,female,2,own,NA,NA,886,12
837,23,female,1,rent,little,NA,601,4
838,63,male,2,own,little,little,2957,24
839,46,male,2,own,little,NA,2611,24
840,29,male,2,own,little,little,5179,36
841,28,male,1,own,little,NA,2993,21
842,23,female,2,own,little,NA,1943,18
843,50,male,2,own,little,NA,1559,24
844,47,male,2,own,little,NA,3422,18
845,35,male,2,own,NA,moderate,3976,21
846,68,male,2,rent,NA,NA,6761,18
847,28,male,2,own,little,NA,1249,24
848,59,male,2,own,little,little,1364,9
849,57,male,1,own,little,little,709,12
850,33,male,2,rent,little,little,2235,20
851,43,male,2,own,NA,NA,4042,24
852,35,male,2,free,little,NA,1471,15
853,32,male,1,free,little,little,1442,18
854,45,male,2,own,little,NA,10875,36
855,33,male,2,own,moderate,NA,1474,24
856,40,female,2,own,NA,NA,894,10
857,28,male,2,free,little,NA,3343,15
858,29,female,2,own,little,little,3959,15
859,26,male,2,rent,moderate,NA,3577,9
860,27,male,2,own,rich,NA,5804,24
861,28,male,2,own,little,NA,2169,18
862,35,female,2,own,little,little,2439,24
863,32,male,1,own,rich,NA,4526,27
864,25,male,1,rent,little,NA,2210,10
865,20,female,2,rent,quite rich,NA,2221,15
866,27,female,2,own,little,little,2389,18
867,42,male,2,own,little,NA,3331,12
868,37,male,2,own,NA,NA,7409,36
869,24,female,2,rent,little,little,652,12
870,40,female,2,own,quite rich,NA,7678,36
871,46,male,2,own,little,rich,1343,6
872,26,male,2,own,moderate,little,1382,24
873,24,female,2,own,NA,NA,874,15
874,29,male,1,own,little,little,3590,12
875,40,female,2,own,rich,moderate,1322,11
876,36,male,3,free,little,little,1940,18
877,28,male,2,own,little,NA,3595,36
878,27,male,3,free,little,little,1422,9
879,36,male,2,own,NA,NA,6742,30
880,38,male,3,own,little,NA,7814,24
881,48,male,2,free,NA,NA,9277,24
882,36,male,2,own,NA,moderate,2181,30
883,65,female,0,own,little,NA,1098,18
884,43,male,2,own,little,moderate,4057,24
885,53,female,2,own,little,little,795,12
886,34,male,2,own,NA,moderate,2825,24
887,23,male,2,own,little,moderate,15672,48
888,34,male,3,own,little,NA,6614,36
889,40,male,2,rent,NA,NA,7824,28
890,43,male,3,own,little,little,2442,27
891,46,male,2,own,little,NA,1829,15
892,38,male,1,own,little,little,2171,12
893,34,male,2,own,little,moderate,5800,36
894,29,male,2,own,NA,NA,1169,18
895,31,male,3,own,NA,NA,8947,36
896,28,female,3,rent,little,little,2606,21
897,35,female,2,own,rich,NA,1592,12
898,33,female,1,rent,NA,NA,2186,15
899,42,male,2,own,little,little,4153,18
900,43,male,2,rent,little,little,2625,16
901,44,male,2,own,NA,NA,3485,20
902,42,male,2,free,NA,NA,10477,36
903,40,male,2,rent,NA,NA,1386,15
904,36,male,3,own,little,NA,1278,24
905,20,male,3,rent,little,little,1107,12
906,24,male,1,own,NA,little,3763,21
907,27,male,2,own,NA,moderate,3711,36
908,46,female,1,own,little,NA,3594,15
909,33,female,1,own,NA,moderate,3195,9
910,34,female,2,own,little,NA,4454,36
911,25,female,1,own,little,moderate,4736,24
912,25,female,2,own,NA,moderate,2991,30
913,28,male,2,own,rich,NA,2142,11
914,31,male,2,rent,little,little,3161,24
915,32,female,3,own,little,moderate,18424,48
916,32,male,2,own,moderate,NA,2848,10
917,68,male,3,own,little,little,14896,6
918,33,male,2,own,moderate,little,2359,24
919,39,male,3,rent,little,little,3345,24
920,28,female,2,own,little,NA,1817,18
921,37,male,3,own,quite rich,NA,12749,48
922,22,female,2,rent,little,little,1366,9
923,30,male,2,rent,little,moderate,2002,12
924,55,male,2,own,little,little,6872,24
925,46,male,2,own,little,little,697,12
926,21,female,2,rent,little,little,1049,18
927,39,male,2,free,little,little,10297,48
928,58,male,2,own,NA,NA,1867,30
929,43,male,1,own,little,little,1344,12
930,24,male,1,own,little,little,1747,24
931,22,female,2,own,little,moderate,1670,9
932,30,male,2,own,little,NA,1224,9
933,42,male,2,own,quite rich,NA,522,12
934,23,female,2,own,little,little,1498,12
935,30,male,3,own,moderate,moderate,1919,30
936,28,female,1,own,little,rich,745,9
937,30,male,3,rent,little,moderate,2063,6
938,42,male,2,free,little,moderate,6288,60
939,46,male,3,own,NA,NA,6842,24
940,45,male,3,own,NA,NA,3527,12
941,31,male,1,own,little,NA,1546,10
942,31,male,2,own,NA,NA,929,24
943,42,male,1,own,little,NA,1455,4
944,46,female,2,rent,little,little,1845,15
945,30,female,2,own,quite rich,moderate,8358,48
946,30,male,2,free,quite rich,little,3349,24
947,38,male,3,own,NA,NA,2859,12
948,43,male,1,own,little,NA,1533,18
949,31,male,2,own,moderate,NA,3621,24
950,40,male,0,own,little,moderate,3590,18
951,24,male,2,own,little,little,2145,36
952,28,female,2,rent,quite rich,moderate,4113,24
953,26,female,3,own,little,NA,10974,36
954,29,female,2,own,little,little,1893,12
955,57,female,3,rent,rich,little,1231,24
956,49,male,1,own,NA,rich,3656,30
957,37,male,1,own,little,moderate,1154,9
958,45,male,1,own,little,little,4006,28
959,30,male,2,free,moderate,moderate,3069,24
960,30,male,2,rent,little,NA,1740,6
961,47,male,2,own,little,moderate,2353,21
962,29,male,2,own,NA,NA,3556,15
963,35,male,2,own,quite rich,NA,2397,24
964,22,male,1,own,little,moderate,454,6
965,26,female,2,own,NA,moderate,1715,30
966,23,male,1,own,quite rich,moderate,2520,27
967,54,female,3,rent,little,NA,3568,15
968,29,male,2,rent,NA,NA,7166,42
969,40,male,1,own,little,little,3939,11
970,22,male,2,own,moderate,moderate,1514,15
971,43,male,1,own,little,NA,7393,24
972,29,female,0,rent,little,little,1193,24
973,36,male,2,rent,little,little,7297,60
974,33,female,2,own,little,NA,2831,30
975,57,female,1,own,quite rich,rich,1258,24
976,64,female,2,own,little,moderate,753,6
977,42,male,2,own,NA,moderate,2427,18
978,47,male,1,own,little,NA,2538,24
979,25,male,2,rent,moderate,moderate,1264,15
980,49,male,2,own,little,moderate,8386,30
981,33,male,3,rent,little,NA,4844,48
982,28,female,3,own,moderate,rich,2923,21
983,26,male,2,own,little,little,8229,36
984,30,male,1,own,little,NA,2028,24
985,25,female,2,rent,little,little,1433,15
986,33,male,2,own,little,rich,6289,42
987,64,female,2,own,moderate,NA,1409,13
988,29,male,3,free,little,little,6579,24
989,48,male,1,own,little,moderate,1743,24
990,37,male,1,own,NA,NA,3565,12
991,34,male,1,own,moderate,NA,1569,15
992,23,male,1,rent,NA,little,1936,18
993,30,male,3,own,little,little,3959,36
994,50,male,2,own,NA,NA,2390,12
995,31,female,1,own,little,NA,1736,12
996,40,male,3,own,little,little,3857,30
997,38,male,2,own,little,NA,804,12
998,23,male,2,free,little,little,1845,45
999,27,male,2,own,moderate,moderate,4576,45
